{
  "getState": {
    "docType": "acknowledgement",
    "erkenningsNummer": "DV.O101814",
    "agentschap": "VLAIO",
    "beginDatum": "2018-06-26",
    "eindDatum": "",
    "ondernemingsNummer": "0694.685.789",
    "vestigingsEenheidsNummer": "2.111.222.333",
    "product": "Basiskennis Bedrijfsbeheer",
    "behandelaar": "eenBehandelaar",
    "toelatingsFase": "001"
  },
  "putState": {
    "docType": "acknowledgement",
    "erkenningsNummer": "DV.O101814",
    "agentschap": "VLAIO",
    "beginDatum": "2018-06-26",
    "eindDatum": "",
    "ondernemingsNummer": "0694.685.789",
    "vestigingsEenheidsNummer": "2.111.222.333",
    "product": "Basiskennis Bedrijfsbeheer",
    "behandelaar": "eenBehandelaar",
    "toelatingsFase": "001"
  }
}
